<?xml version="1.0" encoding="UTF-8"?>
<project-private xmlns="http://www.netbeans.org/ns/project-private/1">
    <editor-bookmarks xmlns="http://www.netbeans.org/ns/editor-bookmarks/2" lastBookmarkId="0"/>
    <open-files xmlns="http://www.netbeans.org/ns/projectui-open-files/2">
        <group>
            <file>file:/home/vigour_ubuntu_001/NetBeansProjects/Vigour_Invoicing_Module/web/index.jsp</file>
            <file>file:/home/vigour_ubuntu_001/NetBeansProjects/Vigour_Invoicing_Module/web/js/npm.js</file>
            <file>file:/home/vigour_ubuntu_001/NetBeansProjects/Vigour_Invoicing_Module/web/js/bootstrap.min.js</file>
            <file>file:/home/vigour_ubuntu_001/NetBeansProjects/Vigour_Invoicing_Module/web/WEB-INF/web.xml</file>
            <file>file:/home/vigour_ubuntu_001/NetBeansProjects/Vigour_Invoicing_Module/web/js/bootstrap.js</file>
            <file>file:/home/vigour_ubuntu_001/NetBeansProjects/Vigour_Invoicing_Module/web/js/jquery.min.js</file>
        </group>
    </open-files>
</project-private>
